username1,username2,link1,link2,comparison_type,ssim,features2d
www.ironhacks.com,www.ironhacks.com,http://www.ironhacks.com/preview/BrandonAvilanR/webapp_phase2/index.html,http://www.ironhacks.com/preview/DaniCastel/webapp_phase2/index.html,maps,61.9,63.3
www.ironhacks.com,www.ironhacks.com,http://www.ironhacks.com/preview/BrandonAvilanR/webapp_phase2/index.html,http://www.ironhacks.com/preview/Orloffyeah/webapp_phase2/index.html,maps,38.6,79.9
www.ironhacks.com,www.ironhacks.com,http://www.ironhacks.com/preview/BrandonAvilanR/webapp_phase2/index.html,http://www.ironhacks.com/preview/alejosaur/webapp_phase2/index.html,maps,39.7,79.6
www.ironhacks.com,www.ironhacks.com,http://www.ironhacks.com/preview/BrandonAvilanR/webapp_phase2/index.html,http://www.ironhacks.com/preview/anythinglord/webapp_phase2/index.html,maps,28.2,58.6
www.ironhacks.com,www.ironhacks.com,http://www.ironhacks.com/preview/BrandonAvilanR/webapp_phase2/index.html,http://www.ironhacks.com/preview/cglaitong/webapp_phase2/index.html,maps,33.9,73.2
www.ironhacks.com,www.ironhacks.com,http://www.ironhacks.com/preview/BrandonAvilanR/webapp_phase2/index.html,http://www.ironhacks.com/preview/criscapunal/webapp_phase2/index.html,maps,59.4,81.8
www.ironhacks.com,www.ironhacks.com,http://www.ironhacks.com/preview/BrandonAvilanR/webapp_phase2/index.html,http://www.ironhacks.com/preview/csalfonsol/webapp_phase2/index.html,maps,34.2,85.0
www.ironhacks.com,www.ironhacks.com,http://www.ironhacks.com/preview/DaniCastel/webapp_phase2/index.html,http://www.ironhacks.com/preview/Orloffyeah/webapp_phase2/index.html,maps,46.1,71.8
www.ironhacks.com,www.ironhacks.com,http://www.ironhacks.com/preview/DaniCastel/webapp_phase2/index.html,http://www.ironhacks.com/preview/alejosaur/webapp_phase2/index.html,maps,43.2,71.7
www.ironhacks.com,www.ironhacks.com,http://www.ironhacks.com/preview/DaniCastel/webapp_phase2/index.html,http://www.ironhacks.com/preview/anythinglord/webapp_phase2/index.html,maps,31.8,60.3
www.ironhacks.com,www.ironhacks.com,http://www.ironhacks.com/preview/DaniCastel/webapp_phase2/index.html,http://www.ironhacks.com/preview/cglaitong/webapp_phase2/index.html,maps,43.4,67.6
www.ironhacks.com,www.ironhacks.com,http://www.ironhacks.com/preview/DaniCastel/webapp_phase2/index.html,http://www.ironhacks.com/preview/criscapunal/webapp_phase2/index.html,maps,73.2,67.3
www.ironhacks.com,www.ironhacks.com,http://www.ironhacks.com/preview/DaniCastel/webapp_phase2/index.html,http://www.ironhacks.com/preview/csalfonsol/webapp_phase2/index.html,maps,42.3,67.8
www.ironhacks.com,www.ironhacks.com,http://www.ironhacks.com/preview/Orloffyeah/webapp_phase2/index.html,http://www.ironhacks.com/preview/alejosaur/webapp_phase2/index.html,maps,34.8,80.2
www.ironhacks.com,www.ironhacks.com,http://www.ironhacks.com/preview/Orloffyeah/webapp_phase2/index.html,http://www.ironhacks.com/preview/anythinglord/webapp_phase2/index.html,maps,31.1,62.7
www.ironhacks.com,www.ironhacks.com,http://www.ironhacks.com/preview/Orloffyeah/webapp_phase2/index.html,http://www.ironhacks.com/preview/cglaitong/webapp_phase2/index.html,maps,40.8,100.0
www.ironhacks.com,www.ironhacks.com,http://www.ironhacks.com/preview/Orloffyeah/webapp_phase2/index.html,http://www.ironhacks.com/preview/criscapunal/webapp_phase2/index.html,maps,60.4,81.7
www.ironhacks.com,www.ironhacks.com,http://www.ironhacks.com/preview/Orloffyeah/webapp_phase2/index.html,http://www.ironhacks.com/preview/csalfonsol/webapp_phase2/index.html,maps,35.8,84.6
www.ironhacks.com,www.ironhacks.com,http://www.ironhacks.com/preview/alejosaur/webapp_phase2/index.html,http://www.ironhacks.com/preview/anythinglord/webapp_phase2/index.html,maps,27.2,62.3
www.ironhacks.com,www.ironhacks.com,http://www.ironhacks.com/preview/alejosaur/webapp_phase2/index.html,http://www.ironhacks.com/preview/cglaitong/webapp_phase2/index.html,maps,32.0,74.5
www.ironhacks.com,www.ironhacks.com,http://www.ironhacks.com/preview/alejosaur/webapp_phase2/index.html,http://www.ironhacks.com/preview/criscapunal/webapp_phase2/index.html,maps,40.8,84.6
www.ironhacks.com,www.ironhacks.com,http://www.ironhacks.com/preview/alejosaur/webapp_phase2/index.html,http://www.ironhacks.com/preview/csalfonsol/webapp_phase2/index.html,maps,40.6,86.7
www.ironhacks.com,www.ironhacks.com,http://www.ironhacks.com/preview/anythinglord/webapp_phase2/index.html,http://www.ironhacks.com/preview/cglaitong/webapp_phase2/index.html,maps,27.7,76.0
www.ironhacks.com,www.ironhacks.com,http://www.ironhacks.com/preview/anythinglord/webapp_phase2/index.html,http://www.ironhacks.com/preview/criscapunal/webapp_phase2/index.html,maps,40.5,60.3
www.ironhacks.com,www.ironhacks.com,http://www.ironhacks.com/preview/anythinglord/webapp_phase2/index.html,http://www.ironhacks.com/preview/csalfonsol/webapp_phase2/index.html,maps,21.9,100.0
www.ironhacks.com,www.ironhacks.com,http://www.ironhacks.com/preview/cglaitong/webapp_phase2/index.html,http://www.ironhacks.com/preview/criscapunal/webapp_phase2/index.html,maps,53.6,73.4
www.ironhacks.com,www.ironhacks.com,http://www.ironhacks.com/preview/cglaitong/webapp_phase2/index.html,http://www.ironhacks.com/preview/csalfonsol/webapp_phase2/index.html,maps,31.5,83.7
www.ironhacks.com,www.ironhacks.com,http://www.ironhacks.com/preview/criscapunal/webapp_phase2/index.html,http://www.ironhacks.com/preview/csalfonsol/webapp_phase2/index.html,maps,63.8,84.4
www.ironhacks.com,www.ironhacks.com,http://www.ironhacks.com/preview/BrandonAvilanR/webapp_phase2/index.html,http://www.ironhacks.com/preview/DaniCastel/webapp_phase2/index.html,complete,66.1,92.0
www.ironhacks.com,www.ironhacks.com,http://www.ironhacks.com/preview/BrandonAvilanR/webapp_phase2/index.html,http://www.ironhacks.com/preview/DaveValencia/webapp_phase2/index.html,complete,43.9,100.0
www.ironhacks.com,www.ironhacks.com,http://www.ironhacks.com/preview/BrandonAvilanR/webapp_phase2/index.html,http://www.ironhacks.com/preview/Orloffyeah/webapp_phase2/index.html,complete,53.3,99.0
www.ironhacks.com,www.ironhacks.com,http://www.ironhacks.com/preview/BrandonAvilanR/webapp_phase2/index.html,http://www.ironhacks.com/preview/alejosaur/webapp_phase2/index.html,complete,68.1,61.3
www.ironhacks.com,www.ironhacks.com,http://www.ironhacks.com/preview/BrandonAvilanR/webapp_phase2/index.html,http://www.ironhacks.com/preview/anythinglord/webapp_phase2/index.html,complete,40.2,80.0
www.ironhacks.com,www.ironhacks.com,http://www.ironhacks.com/preview/BrandonAvilanR/webapp_phase2/index.html,http://www.ironhacks.com/preview/buendiagon/webapp_phase2/index.html,complete,43.9,100.0
www.ironhacks.com,www.ironhacks.com,http://www.ironhacks.com/preview/BrandonAvilanR/webapp_phase2/index.html,http://www.ironhacks.com/preview/cglaitong/webapp_phase2/index.html,complete,56.2,84.0
www.ironhacks.com,www.ironhacks.com,http://www.ironhacks.com/preview/BrandonAvilanR/webapp_phase2/index.html,http://www.ironhacks.com/preview/criscapunal/webapp_phase2/index.html,complete,54.3,92.0
www.ironhacks.com,www.ironhacks.com,http://www.ironhacks.com/preview/BrandonAvilanR/webapp_phase2/index.html,http://www.ironhacks.com/preview/csalfonsol/webapp_phase2/index.html,complete,61.5,75.7
www.ironhacks.com,www.ironhacks.com,http://www.ironhacks.com/preview/BrandonAvilanR/webapp_phase2/index.html,http://www.ironhacks.com/preview/dieguischa/webapp_phase2/index.html,complete,65.3,49.3
www.ironhacks.com,www.ironhacks.com,http://www.ironhacks.com/preview/BrandonAvilanR/webapp_phase2/index.html,http://www.ironhacks.com/preview/jaasuarezvi/webapp_phase2/index.html,complete,43.9,100.0
www.ironhacks.com,www.ironhacks.com,http://www.ironhacks.com/preview/BrandonAvilanR/webapp_phase2/index.html,http://www.ironhacks.com/preview/tres-xxx/webapp_phase2/index.html,complete,43.9,100.0
www.ironhacks.com,www.ironhacks.com,http://www.ironhacks.com/preview/DaniCastel/webapp_phase2/index.html,http://www.ironhacks.com/preview/DaveValencia/webapp_phase2/index.html,complete,49.1,100.0
www.ironhacks.com,www.ironhacks.com,http://www.ironhacks.com/preview/DaniCastel/webapp_phase2/index.html,http://www.ironhacks.com/preview/Orloffyeah/webapp_phase2/index.html,complete,84.4,93.8
www.ironhacks.com,www.ironhacks.com,http://www.ironhacks.com/preview/DaniCastel/webapp_phase2/index.html,http://www.ironhacks.com/preview/alejosaur/webapp_phase2/index.html,complete,79.2,72.2
www.ironhacks.com,www.ironhacks.com,http://www.ironhacks.com/preview/DaniCastel/webapp_phase2/index.html,http://www.ironhacks.com/preview/anythinglord/webapp_phase2/index.html,complete,65.4,78.1
www.ironhacks.com,www.ironhacks.com,http://www.ironhacks.com/preview/DaniCastel/webapp_phase2/index.html,http://www.ironhacks.com/preview/buendiagon/webapp_phase2/index.html,complete,49.1,100.0
www.ironhacks.com,www.ironhacks.com,http://www.ironhacks.com/preview/DaniCastel/webapp_phase2/index.html,http://www.ironhacks.com/preview/cglaitong/webapp_phase2/index.html,complete,59.7,86.2
www.ironhacks.com,www.ironhacks.com,http://www.ironhacks.com/preview/DaniCastel/webapp_phase2/index.html,http://www.ironhacks.com/preview/criscapunal/webapp_phase2/index.html,complete,67.5,90.1
www.ironhacks.com,www.ironhacks.com,http://www.ironhacks.com/preview/DaniCastel/webapp_phase2/index.html,http://www.ironhacks.com/preview/csalfonsol/webapp_phase2/index.html,complete,44.4,84.2
www.ironhacks.com,www.ironhacks.com,http://www.ironhacks.com/preview/DaniCastel/webapp_phase2/index.html,http://www.ironhacks.com/preview/dieguischa/webapp_phase2/index.html,complete,63.1,57.9
www.ironhacks.com,www.ironhacks.com,http://www.ironhacks.com/preview/DaniCastel/webapp_phase2/index.html,http://www.ironhacks.com/preview/jaasuarezvi/webapp_phase2/index.html,complete,49.1,100.0
www.ironhacks.com,www.ironhacks.com,http://www.ironhacks.com/preview/DaniCastel/webapp_phase2/index.html,http://www.ironhacks.com/preview/tres-xxx/webapp_phase2/index.html,complete,49.1,100.0
www.ironhacks.com,www.ironhacks.com,http://www.ironhacks.com/preview/DaveValencia/webapp_phase2/index.html,http://www.ironhacks.com/preview/Orloffyeah/webapp_phase2/index.html,complete,65.8,100.0
www.ironhacks.com,www.ironhacks.com,http://www.ironhacks.com/preview/DaveValencia/webapp_phase2/index.html,http://www.ironhacks.com/preview/alejosaur/webapp_phase2/index.html,complete,45.6,100.0
www.ironhacks.com,www.ironhacks.com,http://www.ironhacks.com/preview/DaveValencia/webapp_phase2/index.html,http://www.ironhacks.com/preview/anythinglord/webapp_phase2/index.html,complete,65.8,100.0
www.ironhacks.com,www.ironhacks.com,http://www.ironhacks.com/preview/DaveValencia/webapp_phase2/index.html,http://www.ironhacks.com/preview/buendiagon/webapp_phase2/index.html,complete,100.0,100.0
www.ironhacks.com,www.ironhacks.com,http://www.ironhacks.com/preview/DaveValencia/webapp_phase2/index.html,http://www.ironhacks.com/preview/cglaitong/webapp_phase2/index.html,complete,65.8,100.0
www.ironhacks.com,www.ironhacks.com,http://www.ironhacks.com/preview/DaveValencia/webapp_phase2/index.html,http://www.ironhacks.com/preview/criscapunal/webapp_phase2/index.html,complete,53.6,100.0
www.ironhacks.com,www.ironhacks.com,http://www.ironhacks.com/preview/DaveValencia/webapp_phase2/index.html,http://www.ironhacks.com/preview/csalfonsol/webapp_phase2/index.html,complete,65.8,100.0
www.ironhacks.com,www.ironhacks.com,http://www.ironhacks.com/preview/DaveValencia/webapp_phase2/index.html,http://www.ironhacks.com/preview/dieguischa/webapp_phase2/index.html,complete,36.8,100.0
www.ironhacks.com,www.ironhacks.com,http://www.ironhacks.com/preview/DaveValencia/webapp_phase2/index.html,http://www.ironhacks.com/preview/jaasuarezvi/webapp_phase2/index.html,complete,100.0,100.0
www.ironhacks.com,www.ironhacks.com,http://www.ironhacks.com/preview/DaveValencia/webapp_phase2/index.html,http://www.ironhacks.com/preview/tres-xxx/webapp_phase2/index.html,complete,100.0,100.0
www.ironhacks.com,www.ironhacks.com,http://www.ironhacks.com/preview/Orloffyeah/webapp_phase2/index.html,http://www.ironhacks.com/preview/alejosaur/webapp_phase2/index.html,complete,90.8,73.8
www.ironhacks.com,www.ironhacks.com,http://www.ironhacks.com/preview/Orloffyeah/webapp_phase2/index.html,http://www.ironhacks.com/preview/anythinglord/webapp_phase2/index.html,complete,77.2,83.3
www.ironhacks.com,www.ironhacks.com,http://www.ironhacks.com/preview/Orloffyeah/webapp_phase2/index.html,http://www.ironhacks.com/preview/buendiagon/webapp_phase2/index.html,complete,65.8,100.0
www.ironhacks.com,www.ironhacks.com,http://www.ironhacks.com/preview/Orloffyeah/webapp_phase2/index.html,http://www.ironhacks.com/preview/cglaitong/webapp_phase2/index.html,complete,68.3,100.0
www.ironhacks.com,www.ironhacks.com,http://www.ironhacks.com/preview/Orloffyeah/webapp_phase2/index.html,http://www.ironhacks.com/preview/criscapunal/webapp_phase2/index.html,complete,70.2,95.1
www.ironhacks.com,www.ironhacks.com,http://www.ironhacks.com/preview/Orloffyeah/webapp_phase2/index.html,http://www.ironhacks.com/preview/csalfonsol/webapp_phase2/index.html,complete,70.6,85.3
www.ironhacks.com,www.ironhacks.com,http://www.ironhacks.com/preview/Orloffyeah/webapp_phase2/index.html,http://www.ironhacks.com/preview/dieguischa/webapp_phase2/index.html,complete,79.6,66.3
www.ironhacks.com,www.ironhacks.com,http://www.ironhacks.com/preview/Orloffyeah/webapp_phase2/index.html,http://www.ironhacks.com/preview/jaasuarezvi/webapp_phase2/index.html,complete,65.8,100.0
www.ironhacks.com,www.ironhacks.com,http://www.ironhacks.com/preview/Orloffyeah/webapp_phase2/index.html,http://www.ironhacks.com/preview/tres-xxx/webapp_phase2/index.html,complete,65.8,100.0
www.ironhacks.com,www.ironhacks.com,http://www.ironhacks.com/preview/alejosaur/webapp_phase2/index.html,http://www.ironhacks.com/preview/anythinglord/webapp_phase2/index.html,complete,73.8,59.7
www.ironhacks.com,www.ironhacks.com,http://www.ironhacks.com/preview/alejosaur/webapp_phase2/index.html,http://www.ironhacks.com/preview/buendiagon/webapp_phase2/index.html,complete,45.6,100.0
www.ironhacks.com,www.ironhacks.com,http://www.ironhacks.com/preview/alejosaur/webapp_phase2/index.html,http://www.ironhacks.com/preview/cglaitong/webapp_phase2/index.html,complete,78.8,68.8
www.ironhacks.com,www.ironhacks.com,http://www.ironhacks.com/preview/alejosaur/webapp_phase2/index.html,http://www.ironhacks.com/preview/criscapunal/webapp_phase2/index.html,complete,78.3,71.0
www.ironhacks.com,www.ironhacks.com,http://www.ironhacks.com/preview/alejosaur/webapp_phase2/index.html,http://www.ironhacks.com/preview/csalfonsol/webapp_phase2/index.html,complete,82.4,69.4
www.ironhacks.com,www.ironhacks.com,http://www.ironhacks.com/preview/alejosaur/webapp_phase2/index.html,http://www.ironhacks.com/preview/dieguischa/webapp_phase2/index.html,complete,91.8,59.4
www.ironhacks.com,www.ironhacks.com,http://www.ironhacks.com/preview/alejosaur/webapp_phase2/index.html,http://www.ironhacks.com/preview/jaasuarezvi/webapp_phase2/index.html,complete,45.6,100.0
www.ironhacks.com,www.ironhacks.com,http://www.ironhacks.com/preview/alejosaur/webapp_phase2/index.html,http://www.ironhacks.com/preview/tres-xxx/webapp_phase2/index.html,complete,45.6,100.0
www.ironhacks.com,www.ironhacks.com,http://www.ironhacks.com/preview/anythinglord/webapp_phase2/index.html,http://www.ironhacks.com/preview/buendiagon/webapp_phase2/index.html,complete,65.8,100.0
www.ironhacks.com,www.ironhacks.com,http://www.ironhacks.com/preview/anythinglord/webapp_phase2/index.html,http://www.ironhacks.com/preview/cglaitong/webapp_phase2/index.html,complete,56.9,83.8
www.ironhacks.com,www.ironhacks.com,http://www.ironhacks.com/preview/anythinglord/webapp_phase2/index.html,http://www.ironhacks.com/preview/criscapunal/webapp_phase2/index.html,complete,59.5,87.7
www.ironhacks.com,www.ironhacks.com,http://www.ironhacks.com/preview/anythinglord/webapp_phase2/index.html,http://www.ironhacks.com/preview/csalfonsol/webapp_phase2/index.html,complete,47.0,100.0
www.ironhacks.com,www.ironhacks.com,http://www.ironhacks.com/preview/anythinglord/webapp_phase2/index.html,http://www.ironhacks.com/preview/dieguischa/webapp_phase2/index.html,complete,65.2,59.2
www.ironhacks.com,www.ironhacks.com,http://www.ironhacks.com/preview/anythinglord/webapp_phase2/index.html,http://www.ironhacks.com/preview/jaasuarezvi/webapp_phase2/index.html,complete,65.8,100.0
www.ironhacks.com,www.ironhacks.com,http://www.ironhacks.com/preview/anythinglord/webapp_phase2/index.html,http://www.ironhacks.com/preview/tres-xxx/webapp_phase2/index.html,complete,65.8,100.0
www.ironhacks.com,www.ironhacks.com,http://www.ironhacks.com/preview/buendiagon/webapp_phase2/index.html,http://www.ironhacks.com/preview/cglaitong/webapp_phase2/index.html,complete,65.8,100.0
www.ironhacks.com,www.ironhacks.com,http://www.ironhacks.com/preview/buendiagon/webapp_phase2/index.html,http://www.ironhacks.com/preview/criscapunal/webapp_phase2/index.html,complete,53.6,100.0
www.ironhacks.com,www.ironhacks.com,http://www.ironhacks.com/preview/buendiagon/webapp_phase2/index.html,http://www.ironhacks.com/preview/csalfonsol/webapp_phase2/index.html,complete,65.8,100.0
www.ironhacks.com,www.ironhacks.com,http://www.ironhacks.com/preview/buendiagon/webapp_phase2/index.html,http://www.ironhacks.com/preview/dieguischa/webapp_phase2/index.html,complete,36.8,100.0
www.ironhacks.com,www.ironhacks.com,http://www.ironhacks.com/preview/buendiagon/webapp_phase2/index.html,http://www.ironhacks.com/preview/jaasuarezvi/webapp_phase2/index.html,complete,100.0,100.0
www.ironhacks.com,www.ironhacks.com,http://www.ironhacks.com/preview/buendiagon/webapp_phase2/index.html,http://www.ironhacks.com/preview/tres-xxx/webapp_phase2/index.html,complete,100.0,100.0
www.ironhacks.com,www.ironhacks.com,http://www.ironhacks.com/preview/cglaitong/webapp_phase2/index.html,http://www.ironhacks.com/preview/criscapunal/webapp_phase2/index.html,complete,63.2,91.0
www.ironhacks.com,www.ironhacks.com,http://www.ironhacks.com/preview/cglaitong/webapp_phase2/index.html,http://www.ironhacks.com/preview/csalfonsol/webapp_phase2/index.html,complete,68.1,87.1
www.ironhacks.com,www.ironhacks.com,http://www.ironhacks.com/preview/cglaitong/webapp_phase2/index.html,http://www.ironhacks.com/preview/dieguischa/webapp_phase2/index.html,complete,75.2,55.6
www.ironhacks.com,www.ironhacks.com,http://www.ironhacks.com/preview/cglaitong/webapp_phase2/index.html,http://www.ironhacks.com/preview/jaasuarezvi/webapp_phase2/index.html,complete,65.8,100.0
www.ironhacks.com,www.ironhacks.com,http://www.ironhacks.com/preview/cglaitong/webapp_phase2/index.html,http://www.ironhacks.com/preview/tres-xxx/webapp_phase2/index.html,complete,65.8,100.0
www.ironhacks.com,www.ironhacks.com,http://www.ironhacks.com/preview/criscapunal/webapp_phase2/index.html,http://www.ironhacks.com/preview/csalfonsol/webapp_phase2/index.html,complete,65.9,82.2
www.ironhacks.com,www.ironhacks.com,http://www.ironhacks.com/preview/criscapunal/webapp_phase2/index.html,http://www.ironhacks.com/preview/dieguischa/webapp_phase2/index.html,complete,72.9,48.2
www.ironhacks.com,www.ironhacks.com,http://www.ironhacks.com/preview/criscapunal/webapp_phase2/index.html,http://www.ironhacks.com/preview/jaasuarezvi/webapp_phase2/index.html,complete,53.6,100.0
www.ironhacks.com,www.ironhacks.com,http://www.ironhacks.com/preview/criscapunal/webapp_phase2/index.html,http://www.ironhacks.com/preview/tres-xxx/webapp_phase2/index.html,complete,53.6,100.0
www.ironhacks.com,www.ironhacks.com,http://www.ironhacks.com/preview/csalfonsol/webapp_phase2/index.html,http://www.ironhacks.com/preview/dieguischa/webapp_phase2/index.html,complete,44.1,56.4
www.ironhacks.com,www.ironhacks.com,http://www.ironhacks.com/preview/csalfonsol/webapp_phase2/index.html,http://www.ironhacks.com/preview/jaasuarezvi/webapp_phase2/index.html,complete,65.8,100.0
www.ironhacks.com,www.ironhacks.com,http://www.ironhacks.com/preview/csalfonsol/webapp_phase2/index.html,http://www.ironhacks.com/preview/tres-xxx/webapp_phase2/index.html,complete,65.8,100.0
www.ironhacks.com,www.ironhacks.com,http://www.ironhacks.com/preview/dieguischa/webapp_phase2/index.html,http://www.ironhacks.com/preview/jaasuarezvi/webapp_phase2/index.html,complete,36.8,100.0
www.ironhacks.com,www.ironhacks.com,http://www.ironhacks.com/preview/dieguischa/webapp_phase2/index.html,http://www.ironhacks.com/preview/tres-xxx/webapp_phase2/index.html,complete,36.8,100.0
www.ironhacks.com,www.ironhacks.com,http://www.ironhacks.com/preview/jaasuarezvi/webapp_phase2/index.html,http://www.ironhacks.com/preview/tres-xxx/webapp_phase2/index.html,complete,100.0,100.0
www.ironhacks.com,www.ironhacks.com,http://www.ironhacks.com/preview/BrandonAvilanR/webapp_phase2/index.html,http://www.ironhacks.com/preview/DaniCastel/webapp_phase2/index.html,simple,92.0,98.0
www.ironhacks.com,www.ironhacks.com,http://www.ironhacks.com/preview/BrandonAvilanR/webapp_phase2/index.html,http://www.ironhacks.com/preview/DaveValencia/webapp_phase2/index.html,simple,65.8,100.0
www.ironhacks.com,www.ironhacks.com,http://www.ironhacks.com/preview/BrandonAvilanR/webapp_phase2/index.html,http://www.ironhacks.com/preview/Orloffyeah/webapp_phase2/index.html,simple,88.9,94.9
www.ironhacks.com,www.ironhacks.com,http://www.ironhacks.com/preview/BrandonAvilanR/webapp_phase2/index.html,http://www.ironhacks.com/preview/alejosaur/webapp_phase2/index.html,simple,93.3,72.3
www.ironhacks.com,www.ironhacks.com,http://www.ironhacks.com/preview/BrandonAvilanR/webapp_phase2/index.html,http://www.ironhacks.com/preview/anythinglord/webapp_phase2/index.html,simple,84.0,83.2
www.ironhacks.com,www.ironhacks.com,http://www.ironhacks.com/preview/BrandonAvilanR/webapp_phase2/index.html,http://www.ironhacks.com/preview/buendiagon/webapp_phase2/index.html,simple,65.8,100.0
www.ironhacks.com,www.ironhacks.com,http://www.ironhacks.com/preview/BrandonAvilanR/webapp_phase2/index.html,http://www.ironhacks.com/preview/cglaitong/webapp_phase2/index.html,simple,81.0,97.0
www.ironhacks.com,www.ironhacks.com,http://www.ironhacks.com/preview/BrandonAvilanR/webapp_phase2/index.html,http://www.ironhacks.com/preview/criscapunal/webapp_phase2/index.html,simple,32.9,100.0
www.ironhacks.com,www.ironhacks.com,http://www.ironhacks.com/preview/BrandonAvilanR/webapp_phase2/index.html,http://www.ironhacks.com/preview/csalfonsol/webapp_phase2/index.html,simple,80.4,81.9
www.ironhacks.com,www.ironhacks.com,http://www.ironhacks.com/preview/BrandonAvilanR/webapp_phase2/index.html,http://www.ironhacks.com/preview/dieguischa/webapp_phase2/index.html,simple,87.3,64.0
www.ironhacks.com,www.ironhacks.com,http://www.ironhacks.com/preview/BrandonAvilanR/webapp_phase2/index.html,http://www.ironhacks.com/preview/jaasuarezvi/webapp_phase2/index.html,simple,65.8,100.0
www.ironhacks.com,www.ironhacks.com,http://www.ironhacks.com/preview/BrandonAvilanR/webapp_phase2/index.html,http://www.ironhacks.com/preview/tres-xxx/webapp_phase2/index.html,simple,65.8,100.0
www.ironhacks.com,www.ironhacks.com,http://www.ironhacks.com/preview/DaniCastel/webapp_phase2/index.html,http://www.ironhacks.com/preview/DaveValencia/webapp_phase2/index.html,simple,49.1,100.0
www.ironhacks.com,www.ironhacks.com,http://www.ironhacks.com/preview/DaniCastel/webapp_phase2/index.html,http://www.ironhacks.com/preview/Orloffyeah/webapp_phase2/index.html,simple,92.3,97.0
www.ironhacks.com,www.ironhacks.com,http://www.ironhacks.com/preview/DaniCastel/webapp_phase2/index.html,http://www.ironhacks.com/preview/alejosaur/webapp_phase2/index.html,simple,90.9,71.7
www.ironhacks.com,www.ironhacks.com,http://www.ironhacks.com/preview/DaniCastel/webapp_phase2/index.html,http://www.ironhacks.com/preview/anythinglord/webapp_phase2/index.html,simple,85.6,85.3
www.ironhacks.com,www.ironhacks.com,http://www.ironhacks.com/preview/DaniCastel/webapp_phase2/index.html,http://www.ironhacks.com/preview/buendiagon/webapp_phase2/index.html,simple,49.1,100.0
www.ironhacks.com,www.ironhacks.com,http://www.ironhacks.com/preview/DaniCastel/webapp_phase2/index.html,http://www.ironhacks.com/preview/cglaitong/webapp_phase2/index.html,simple,83.2,90.1
www.ironhacks.com,www.ironhacks.com,http://www.ironhacks.com/preview/DaniCastel/webapp_phase2/index.html,http://www.ironhacks.com/preview/criscapunal/webapp_phase2/index.html,simple,27.3,100.0
www.ironhacks.com,www.ironhacks.com,http://www.ironhacks.com/preview/DaniCastel/webapp_phase2/index.html,http://www.ironhacks.com/preview/csalfonsol/webapp_phase2/index.html,simple,56.1,76.4
www.ironhacks.com,www.ironhacks.com,http://www.ironhacks.com/preview/DaniCastel/webapp_phase2/index.html,http://www.ironhacks.com/preview/dieguischa/webapp_phase2/index.html,simple,73.2,63.6
www.ironhacks.com,www.ironhacks.com,http://www.ironhacks.com/preview/DaniCastel/webapp_phase2/index.html,http://www.ironhacks.com/preview/jaasuarezvi/webapp_phase2/index.html,simple,49.1,100.0
www.ironhacks.com,www.ironhacks.com,http://www.ironhacks.com/preview/DaniCastel/webapp_phase2/index.html,http://www.ironhacks.com/preview/tres-xxx/webapp_phase2/index.html,simple,49.1,100.0
www.ironhacks.com,www.ironhacks.com,http://www.ironhacks.com/preview/DaveValencia/webapp_phase2/index.html,http://www.ironhacks.com/preview/Orloffyeah/webapp_phase2/index.html,simple,65.8,100.0
www.ironhacks.com,www.ironhacks.com,http://www.ironhacks.com/preview/DaveValencia/webapp_phase2/index.html,http://www.ironhacks.com/preview/alejosaur/webapp_phase2/index.html,simple,45.6,100.0
www.ironhacks.com,www.ironhacks.com,http://www.ironhacks.com/preview/DaveValencia/webapp_phase2/index.html,http://www.ironhacks.com/preview/anythinglord/webapp_phase2/index.html,simple,65.8,100.0
www.ironhacks.com,www.ironhacks.com,http://www.ironhacks.com/preview/DaveValencia/webapp_phase2/index.html,http://www.ironhacks.com/preview/buendiagon/webapp_phase2/index.html,simple,100.0,100.0
www.ironhacks.com,www.ironhacks.com,http://www.ironhacks.com/preview/DaveValencia/webapp_phase2/index.html,http://www.ironhacks.com/preview/cglaitong/webapp_phase2/index.html,simple,65.8,100.0
www.ironhacks.com,www.ironhacks.com,http://www.ironhacks.com/preview/DaveValencia/webapp_phase2/index.html,http://www.ironhacks.com/preview/criscapunal/webapp_phase2/index.html,simple,54.1,100.0
www.ironhacks.com,www.ironhacks.com,http://www.ironhacks.com/preview/DaveValencia/webapp_phase2/index.html,http://www.ironhacks.com/preview/csalfonsol/webapp_phase2/index.html,simple,65.8,100.0
www.ironhacks.com,www.ironhacks.com,http://www.ironhacks.com/preview/DaveValencia/webapp_phase2/index.html,http://www.ironhacks.com/preview/dieguischa/webapp_phase2/index.html,simple,36.8,100.0
www.ironhacks.com,www.ironhacks.com,http://www.ironhacks.com/preview/DaveValencia/webapp_phase2/index.html,http://www.ironhacks.com/preview/jaasuarezvi/webapp_phase2/index.html,simple,100.0,100.0
www.ironhacks.com,www.ironhacks.com,http://www.ironhacks.com/preview/DaveValencia/webapp_phase2/index.html,http://www.ironhacks.com/preview/tres-xxx/webapp_phase2/index.html,simple,100.0,100.0
www.ironhacks.com,www.ironhacks.com,http://www.ironhacks.com/preview/Orloffyeah/webapp_phase2/index.html,http://www.ironhacks.com/preview/alejosaur/webapp_phase2/index.html,simple,95.7,74.6
www.ironhacks.com,www.ironhacks.com,http://www.ironhacks.com/preview/Orloffyeah/webapp_phase2/index.html,http://www.ironhacks.com/preview/anythinglord/webapp_phase2/index.html,simple,90.3,91.9
www.ironhacks.com,www.ironhacks.com,http://www.ironhacks.com/preview/Orloffyeah/webapp_phase2/index.html,http://www.ironhacks.com/preview/buendiagon/webapp_phase2/index.html,simple,65.8,100.0
www.ironhacks.com,www.ironhacks.com,http://www.ironhacks.com/preview/Orloffyeah/webapp_phase2/index.html,http://www.ironhacks.com/preview/cglaitong/webapp_phase2/index.html,simple,81.8,95.3
www.ironhacks.com,www.ironhacks.com,http://www.ironhacks.com/preview/Orloffyeah/webapp_phase2/index.html,http://www.ironhacks.com/preview/criscapunal/webapp_phase2/index.html,simple,32.9,100.0
www.ironhacks.com,www.ironhacks.com,http://www.ironhacks.com/preview/Orloffyeah/webapp_phase2/index.html,http://www.ironhacks.com/preview/csalfonsol/webapp_phase2/index.html,simple,73.3,91.0
www.ironhacks.com,www.ironhacks.com,http://www.ironhacks.com/preview/Orloffyeah/webapp_phase2/index.html,http://www.ironhacks.com/preview/dieguischa/webapp_phase2/index.html,simple,79.3,75.0
www.ironhacks.com,www.ironhacks.com,http://www.ironhacks.com/preview/Orloffyeah/webapp_phase2/index.html,http://www.ironhacks.com/preview/jaasuarezvi/webapp_phase2/index.html,simple,65.8,100.0
www.ironhacks.com,www.ironhacks.com,http://www.ironhacks.com/preview/Orloffyeah/webapp_phase2/index.html,http://www.ironhacks.com/preview/tres-xxx/webapp_phase2/index.html,simple,65.8,100.0
www.ironhacks.com,www.ironhacks.com,http://www.ironhacks.com/preview/alejosaur/webapp_phase2/index.html,http://www.ironhacks.com/preview/anythinglord/webapp_phase2/index.html,simple,89.3,64.9
www.ironhacks.com,www.ironhacks.com,http://www.ironhacks.com/preview/alejosaur/webapp_phase2/index.html,http://www.ironhacks.com/preview/buendiagon/webapp_phase2/index.html,simple,45.6,100.0
www.ironhacks.com,www.ironhacks.com,http://www.ironhacks.com/preview/alejosaur/webapp_phase2/index.html,http://www.ironhacks.com/preview/cglaitong/webapp_phase2/index.html,simple,84.8,68.6
www.ironhacks.com,www.ironhacks.com,http://www.ironhacks.com/preview/alejosaur/webapp_phase2/index.html,http://www.ironhacks.com/preview/criscapunal/webapp_phase2/index.html,simple,30.7,100.0
www.ironhacks.com,www.ironhacks.com,http://www.ironhacks.com/preview/alejosaur/webapp_phase2/index.html,http://www.ironhacks.com/preview/csalfonsol/webapp_phase2/index.html,simple,84.3,61.4
www.ironhacks.com,www.ironhacks.com,http://www.ironhacks.com/preview/alejosaur/webapp_phase2/index.html,http://www.ironhacks.com/preview/dieguischa/webapp_phase2/index.html,simple,91.8,59.4
www.ironhacks.com,www.ironhacks.com,http://www.ironhacks.com/preview/alejosaur/webapp_phase2/index.html,http://www.ironhacks.com/preview/jaasuarezvi/webapp_phase2/index.html,simple,45.6,100.0
www.ironhacks.com,www.ironhacks.com,http://www.ironhacks.com/preview/alejosaur/webapp_phase2/index.html,http://www.ironhacks.com/preview/tres-xxx/webapp_phase2/index.html,simple,45.6,100.0
www.ironhacks.com,www.ironhacks.com,http://www.ironhacks.com/preview/anythinglord/webapp_phase2/index.html,http://www.ironhacks.com/preview/buendiagon/webapp_phase2/index.html,simple,65.8,100.0
www.ironhacks.com,www.ironhacks.com,http://www.ironhacks.com/preview/anythinglord/webapp_phase2/index.html,http://www.ironhacks.com/preview/cglaitong/webapp_phase2/index.html,simple,80.9,91.0
www.ironhacks.com,www.ironhacks.com,http://www.ironhacks.com/preview/anythinglord/webapp_phase2/index.html,http://www.ironhacks.com/preview/criscapunal/webapp_phase2/index.html,simple,32.9,100.0
www.ironhacks.com,www.ironhacks.com,http://www.ironhacks.com/preview/anythinglord/webapp_phase2/index.html,http://www.ironhacks.com/preview/csalfonsol/webapp_phase2/index.html,simple,59.1,65.0
www.ironhacks.com,www.ironhacks.com,http://www.ironhacks.com/preview/anythinglord/webapp_phase2/index.html,http://www.ironhacks.com/preview/dieguischa/webapp_phase2/index.html,simple,72.9,59.3
www.ironhacks.com,www.ironhacks.com,http://www.ironhacks.com/preview/anythinglord/webapp_phase2/index.html,http://www.ironhacks.com/preview/jaasuarezvi/webapp_phase2/index.html,simple,65.8,100.0
www.ironhacks.com,www.ironhacks.com,http://www.ironhacks.com/preview/anythinglord/webapp_phase2/index.html,http://www.ironhacks.com/preview/tres-xxx/webapp_phase2/index.html,simple,65.8,100.0
www.ironhacks.com,www.ironhacks.com,http://www.ironhacks.com/preview/buendiagon/webapp_phase2/index.html,http://www.ironhacks.com/preview/cglaitong/webapp_phase2/index.html,simple,65.8,100.0
www.ironhacks.com,www.ironhacks.com,http://www.ironhacks.com/preview/buendiagon/webapp_phase2/index.html,http://www.ironhacks.com/preview/criscapunal/webapp_phase2/index.html,simple,54.1,100.0
www.ironhacks.com,www.ironhacks.com,http://www.ironhacks.com/preview/buendiagon/webapp_phase2/index.html,http://www.ironhacks.com/preview/csalfonsol/webapp_phase2/index.html,simple,65.8,100.0
www.ironhacks.com,www.ironhacks.com,http://www.ironhacks.com/preview/buendiagon/webapp_phase2/index.html,http://www.ironhacks.com/preview/dieguischa/webapp_phase2/index.html,simple,36.8,100.0
www.ironhacks.com,www.ironhacks.com,http://www.ironhacks.com/preview/buendiagon/webapp_phase2/index.html,http://www.ironhacks.com/preview/jaasuarezvi/webapp_phase2/index.html,simple,100.0,100.0
www.ironhacks.com,www.ironhacks.com,http://www.ironhacks.com/preview/buendiagon/webapp_phase2/index.html,http://www.ironhacks.com/preview/tres-xxx/webapp_phase2/index.html,simple,100.0,100.0
www.ironhacks.com,www.ironhacks.com,http://www.ironhacks.com/preview/cglaitong/webapp_phase2/index.html,http://www.ironhacks.com/preview/criscapunal/webapp_phase2/index.html,simple,32.9,100.0
www.ironhacks.com,www.ironhacks.com,http://www.ironhacks.com/preview/cglaitong/webapp_phase2/index.html,http://www.ironhacks.com/preview/csalfonsol/webapp_phase2/index.html,simple,72.9,78.7
www.ironhacks.com,www.ironhacks.com,http://www.ironhacks.com/preview/cglaitong/webapp_phase2/index.html,http://www.ironhacks.com/preview/dieguischa/webapp_phase2/index.html,simple,79.8,53.8
www.ironhacks.com,www.ironhacks.com,http://www.ironhacks.com/preview/cglaitong/webapp_phase2/index.html,http://www.ironhacks.com/preview/jaasuarezvi/webapp_phase2/index.html,simple,65.8,100.0
www.ironhacks.com,www.ironhacks.com,http://www.ironhacks.com/preview/cglaitong/webapp_phase2/index.html,http://www.ironhacks.com/preview/tres-xxx/webapp_phase2/index.html,simple,65.8,100.0
www.ironhacks.com,www.ironhacks.com,http://www.ironhacks.com/preview/criscapunal/webapp_phase2/index.html,http://www.ironhacks.com/preview/csalfonsol/webapp_phase2/index.html,simple,31.8,100.0
www.ironhacks.com,www.ironhacks.com,http://www.ironhacks.com/preview/criscapunal/webapp_phase2/index.html,http://www.ironhacks.com/preview/dieguischa/webapp_phase2/index.html,simple,22.9,100.0
www.ironhacks.com,www.ironhacks.com,http://www.ironhacks.com/preview/criscapunal/webapp_phase2/index.html,http://www.ironhacks.com/preview/jaasuarezvi/webapp_phase2/index.html,simple,54.1,100.0
www.ironhacks.com,www.ironhacks.com,http://www.ironhacks.com/preview/criscapunal/webapp_phase2/index.html,http://www.ironhacks.com/preview/tres-xxx/webapp_phase2/index.html,simple,54.1,100.0
www.ironhacks.com,www.ironhacks.com,http://www.ironhacks.com/preview/csalfonsol/webapp_phase2/index.html,http://www.ironhacks.com/preview/dieguischa/webapp_phase2/index.html,simple,46.3,44.6
www.ironhacks.com,www.ironhacks.com,http://www.ironhacks.com/preview/csalfonsol/webapp_phase2/index.html,http://www.ironhacks.com/preview/jaasuarezvi/webapp_phase2/index.html,simple,65.8,100.0
www.ironhacks.com,www.ironhacks.com,http://www.ironhacks.com/preview/csalfonsol/webapp_phase2/index.html,http://www.ironhacks.com/preview/tres-xxx/webapp_phase2/index.html,simple,65.8,100.0
www.ironhacks.com,www.ironhacks.com,http://www.ironhacks.com/preview/dieguischa/webapp_phase2/index.html,http://www.ironhacks.com/preview/jaasuarezvi/webapp_phase2/index.html,simple,36.8,100.0
www.ironhacks.com,www.ironhacks.com,http://www.ironhacks.com/preview/dieguischa/webapp_phase2/index.html,http://www.ironhacks.com/preview/tres-xxx/webapp_phase2/index.html,simple,36.8,100.0
www.ironhacks.com,www.ironhacks.com,http://www.ironhacks.com/preview/jaasuarezvi/webapp_phase2/index.html,http://www.ironhacks.com/preview/tres-xxx/webapp_phase2/index.html,simple,100.0,100.0